{
  "state": {
    "rmse": 2087965.8260115592,
    "mse": 4359601290592.133,
    "mae": 408669.73060989444,
    "mape_pct": 49.57886804375954,
    "baseline_mae": 423163.3076274324,
    "baseline_mape_pct": 50.74736854467537
  },
  "district": {
    "rmse": 5802281.470789578,
    "mse": 33666470266268.062,
    "mae": 190506.86684446683,
    "mape_pct": 19.524289270955368,
    "baseline_mae": 133933.75646551547,
    "baseline_mape_pct": 12.644443749023694
  },
  "dataset": "merged_high_quality_dataset",
  "note": "Lower RMSE/MAE/MAPE = better. Model should beat baseline (last value)."
}